Distretto,Codice,Nome,Indirizzo,Latitudine,Longitudine
1,TOCT71600T,CENTRO TERRITORIALE PERMANENTE - ISTRUZIONE IN ETA' ADULTA,"VIA MADAMA CRISTINA, 102 - TORINO",45.0471876,7.6753822
1,TOMM8B601L,I.C. FOSCOLO - FOSCOLO TO (ASSOCIATA A TOIC8B600G),VIA PIAZZI 57,45.0519167,7.6584688
1,TOMM8B501R,I.C. PACCHIOTTI - VIA REVEL TO (ASSOCIATA A TOIC8B500Q),VIA REVEL 8,45.0690878,7.6700245
1,TOMM815016,I.C. TOMMASEO - CALVINO (PAR. TEMPO PROL. - ASSOCIATA A TOIC815005),VIA SANT'OTTAVIO 7,45.067573,7.6928767
1,TOIC8B600G,ISTITUTO COMPRENSIVO - I.C. FOSCOLO - TO,VIA GIUSEPPE PIAZZI 57 - TORINO,45.0519167,7.6584688
1,TOIC8B500Q,ISTITUTO COMPRENSIVO - I.C. PACCHIOTTI/VIA REVEL - TO,VIA REVEL 8 - TORINO,45.0690878,7.6700245
1,TOIC815005,ISTITUTO COMPRENSIVO - I.C. TOMMASEO - TO,VIA DEI MILLE 15 - TORINO,45.0626752,7.6884505
1,TOMM079005,TO -UMBERTO I (CONVITTO NAZ.LE),VIA BLIGNY 1 BIS,45.0748161,7.6761052
2,TOCT701004,CENTRO TERRITORIALE PERMANENTE - ISTRUZIONE IN ETA' ADULTA,"VIA SAN REMO, 46 - VIA POMA, 14 - TORINO",,
2,TOMM8B3015,I.C. ALVARO GOBETTI - ALVARO (ASSOCIATA A TOIC8B3004),VIA BALLA 27 - TORINO,45.0474261,7.6247251
2,TOMM8BX01C,I.C. EZIO BOSSO - MODIGLIANI (ASSOCIATA A TOIC8BX00B),VIA COLLINO 4,45.0399196,7.6246498
2,TOMM8BY018,I.C. SINIGAGLIA - ADA NEGRI (ASSOCIATA A TOIC8BY007),VIA ADA NEGRI 23,45.0521792,7.6406621
2,TOMM8BZ014,IC ANTONELLI CASALEGNO-ANTONELL (PAR. TEMPO PROL. - ASSOCIATA A,VIA L. LANFRANCO 2 (EX V. FILADELFIA),,
2,TOMM8B001N,IC CADUTI DI CEFALONIA-MAZZINI (ASSOCIATA A TOIC8B000L),VIA BALTIMORA 110,45.0462899,7.637997
2,TOIC8B3004,ISTITUTO COMPRENSIVO - I.C. ALVARO/GOBETTI - TO,VIA ROMITA 19 - TORINO,45.0474224,7.6270439
2,TOIC8BZ003,ISTITUTO COMPRENSIVO - I.C. ANTONELLI/CASALEGNO - TO,VIA L. LANFRANCO 2 (EX V. FILADELFIA) - 5,,
2,TOIC8B000L,ISTITUTO COMPRENSIVO - I.C. CEFALONIA/MAZZINI - TO,VIA BALTIMORA 110 - TORINO,45.0462899,7.637997
2,TOIC8BX00B,ISTITUTO COMPRENSIVO - I.C. EZIO BOSSO,VIA COLLINO 12 - TORINO,45.0391616,7.6230778
2,TOIC8BY007,ISTITUTO COMPRENSIVO - I.C. SINIGAGLIA - TO,CORSO SEBASTOPOLI 258 - TORINO,45.0483242,7.6373571
3,TOCT70200X,CENTRO TERRITORIALE PERMANENTE - ISTRUZIONE IN ETA' ADULTA,"VIA DOMODOSSOLA, 54 - TORINO",45.0803343,7.6428721
3,TOCT721009,CENTRO TERRITORIALE PERMANENTE - ISTRUZIONE IN ETA' ADULTA,VIA VIGONE 63 - TORINO,45.0680048,7.6480565
3,TOMM32300Q,CPIA 1 TORINO - PAULO FREIRE,VIA DOMODOSSOLA 54,45.0803343,7.6428721
3,TOMM8AZ01D,I.C. ALBERTI SALGARI-ALBERTI (ASSOCIATA A TOIC8AZ00C),"VIA TOLMINO, 40",45.0572706,7.6440072
3,TOMM8CD01G,I.C. BARICCO - MARITANO (ASSOCIATA A TOIC8CD00E),VIA MARSIGLI 25,45.0706819,7.6283974
3,TOMM816012,I.C. KING - MILA (ASSOCIATA A TOIC816001),VIA GERMONIO 12,45.0729218,7.6109273
3,TOMM88401L,I.C. M. L. SPAZIANI - DROVETTI (ASSOCIATA A TOIC88400G),VIA BARDONECCHIA 34,45.0734157,7.6454416
3,TOMM8AY01N,I.C. PALAZZESCHI - PALAZZESCHI (PAR. TEMPO PROL. - ASSOCIATA A,"VIA LANCIA, 140 - 1",45.0610863,7.6417143
3,TOMM8CE01B,I.C. PEROTTI TOSCANINI-PEROTTI (ASSOCIATA A TOIC8CE00A),VIA TOFANE 22,45.066189,7.6349552
3,TOMM88301R,I.C. R.L. MONTALCINI-V.PALMIERI (ASSOCIATA A TOIC88300Q),VIA DUCHESSA JOLANDA 29 - TORINO,45.0755917,7.6573879
3,TOIC8AZ00C,ISTITUTO COMPRENSIVO - I.C. ALBERTI/SALGARI - TO,"VIA TOLMINO, 40 - TORINO",45.0572706,7.6440072
3,TOIC8CD00E,ISTITUTO COMPRENSIVO - I.C. BARICCO - TO,CORSO PESCHIERA 380 - TORINO,45.073968,7.6259999
3,TOIC816001,ISTITUTO COMPRENSIVO - I.C. KING/MILA - TO,VIA GERMONIO 12 - TORINO,45.0729218,7.6109273
3,TOIC88300Q,ISTITUTO COMPRENSIVO - I.C. LEVI MONTALCINI - TO,VIA PALMIERI 58 - TORINO,45.0717826,7.6595599
3,TOIC88400G,ISTITUTO COMPRENSIVO - I.C. MARIA LUISA SPAZIANI - TO,VIA LUSERNA DI RORA' 14 - TORINO,45.0673864,7.6477461
3,TOIC8AY00L,ISTITUTO COMPRENSIVO - I.C. PALAZZESCHI - TO,VIA LANCIA 140 - TORINO,45.062693,7.6282767
3,TOIC8CE00A,ISTITUTO COMPRENSIVO - I.C. PEROTTI/TOSCANINI - TO,VIA TOFANE 28 - TORINO,45.0664565,7.6338288
4,TOMM8BV01R,I.C. DUCA D'AOSTA - SCHWEITZER (ASSOCIATA A TOIC8BV00Q),VIA CAPELLI 66,45.0804298,7.6342223
4,TOMM8A0013,I.C. NIGRA - NIGRA (ASSOCIATA A TOIC8A0002),VIA BIANZE' 7,45.0781194,7.6547052
4,TOMM81701T,I.C. PACINOTTI - PACINOTTI (ASSOCIATA A TOIC81700R),VIA LE CHIUSE 80,45.0809912,7.6598119
4,TOMM8BW01L,I.C.ALIGHIERI KENNEDY-ALIGHIERI (ASSOCIATA A TOIC8BW00G),"VIA PACCHIOTTI, 80 - TORINO",45.0781789,7.6278154
4,TOIC8BW00G,ISTITUTO COMPRENSIVO - I.C. ALIGHIERI/KENNEDY - TO,"VIA PACCHIOTTI, 80 - TORINO",45.0781789,7.6278154
4,TOIC8BV00Q,ISTITUTO COMPRENSIVO - I.C. DUCA D'AOSTA - TO,VIA CAPELLI 51 - TORINO,45.0795162,7.6338978
4,TOIC8A0002,ISTITUTO COMPRENSIVO - I.C. NIGRA - TO,VIA BIANZE' 7 - TORINO,45.0781194,7.6547052
4,TOIC81700R,ISTITUTO COMPRENSIVO - I.C. PACINOTTI - TO,VIA LE CHIUSE 80 - TORINO,45.0809912,7.6598119
5,TOCT70300Q,CENTRO TERRITORIALE PERMANENTE - ISTRUZIONE IN ETA' ADULTA,"VIA DELLE PRIMULE, 36/B - TORINO",45.1024089,7.6264858
5,TOMM32400G,CPIA 2 TORINO - PIERO ANGELA,VIA BOLOGNA 153,45.0877402,7.7069605
5,TOMM8B101D,I.C. ALERAMO - VIA GUBBIO TO (ASSOCIATA A TOIC8B100C),VIA GUBBIO 47,45.0958586,7.6650113
5,TOMM810013,I.C. D.M. TUROLDO - TUROLDO (PAR. TEMPO PROL. - ASSOCIATA A,VIA MAGNOGLIE 9,,
5,TOMM8B2019,I.C. FRASSATI - P.G. FRASSATI (ASSOCIATA A TOIC8B2008),VIA TIRABOSCHI 33,45.0974457,7.6593679
5,TOMM873016,I.C. PADRE GEMELLI - POLA (PAR. TEMPO PROL. - ASSOCIATA A TOIC873005),VIA FOGLIZZO 15 - TORINO,45.0963118,7.649064
5,TOMM8BR014,I.C. PARRI - VIAN (PAR. TEMPO PROL. - ASSOCIATA A TOIC8BR003),"VIA STAMPINI, 25 - TORINO",45.109002,7.6631811
5,TOMM878019,I.C. UMBERTO SABA - SABA (PAR. TEMPO PROL. - ASSOCIATA A TOIC878008),VIA LORENZINI 4 - TORINO,45.0997883,7.6778651
5,TOMM879015,I.C.VIVALDI MURIALDO - VIVALDI (PAR. TEMPO PROL. - ASSOCIATA A,VIA CASTELDELFINO 24,45.0976479,7.6718845
5,TOIC8B100C,ISTITUTO COMPRENSIVO - I.C. ALERAMO - TO,"VIA LEMIE, 48 - TORINO",45.0961483,7.6663852
5,TOIC8B2008,ISTITUTO COMPRENSIVO - I.C. FRASSATI - TO,VIA TIRABOSCHI 33 - TORINO,45.0974457,7.6593679
5,TOIC8BR003,ISTITUTO COMPRENSIVO - I.C. PARRI/VIAN - TO,STRADA LANZO 147/11 - TORINO,45.1130987,7.6593269
5,TOIC878008,ISTITUTO COMPRENSIVO - I.C. SABA - TO,VIA LORENZINI 4 - TORINO,45.0997883,7.6778651
5,TOIC810002,ISTITUTO COMPRENSIVO - I.C. TUROLDO - TO,"VIA AMBROSINI, 1 - TORINO",45.1037651,7.6433537
5,TOIC879004,ISTITUTO COMPRENSIVO - I.C. VIVALDI/MURIALDO - TO,VIA CASTELDELFINO 24 - TORINO,45.09776,7.67196
6,TOCT70400G,CENTRO TERRITORIALE PERMANENTE - ISTRUZIONE IN ETA' ADULTA,"VIA BOLOGNA, 153 - TORINO",45.0877402,7.7069605
6,TOMM8CF017,I.C. BOBBIO NOVARO - BOBBIO (PAR. TEMPO PROL. - ASSOCIATA A,VIA SANTHIA' 76 - TORINO,45.094552,7.6992841
6,TOMM80501G,I.C. CENA - MARTIRI MARTINETTO (ASSOCIATA A TOIC80500E),STRADA S. MAURO 24,45.0996468,7.7258601
6,TOMM8B8018,I.C. GABELLI - VIA SCARLATTI (ASSOCIATA A TOIC8B8007),VIA SCARLATTI 13 - TORINO,45.0905446,7.6955347
6,TOMM808013,I.C. LEONARDO DA VINCI-FRANK (PAR. TEMPO PROL. - ASSOCIATA A,VIA DEGLI ABETI 13 - TORINO,45.1308809,7.7095111
6,TOIC8CF006,ISTITUTO COMPRENSIVO - I.C. BOBBIO/NOVARO - TO,VIA SANTHIA' 76 - TORINO,45.094552,7.6992841
6,TOIC80500E,ISTITUTO COMPRENSIVO - I.C. CENA - TO,STRADA SAN MAURO 32 - TORINO,45.0997455,7.7269988
6,TOIC808002,ISTITUTO COMPRENSIVO - I.C. DA VINCI/FRANK - TO,VIA DEGLI ABETI 13 - TORINO,45.1308809,7.7095111
6,TOIC8B8007,ISTITUTO COMPRENSIVO - I.C. GABELLI - TO,"VIA SANTHIA', 25 - TORINO",45.091032,7.6967601
7,TOCT70500B,CENTRO TERRITORIALE PERMANENTE - ISTRUZIONE IN ETA' ADULTA,"CORSO GIULIO CESARE, 26 - TORINO",45.1165998,7.7157153
7,TOMM71402E,"CASA CIRCONDARIALE ""LE VALLETTE"" (SEDE CARCERARIA)","VIA PIANEZZA, 300",45.1021205,7.6195213
7,TOMM87601N,I.C. GINO STRADA - ROSSELLI (ASSOCIATA A TOIC87600L),VIA RICASOLI 15 - TORINO,45.0704537,7.7062935
7,TOMM8BE01R,I.C. TORINO II - MORELLI - TO (PAR. TEMPO PROL. - ASSOCIATA A,"VIA CECCHI, 18",45.0857417,7.6824102
7,TOMM81801N,I.C. GOZZI OLIVETTI - OLIVETTI (PAR. TEMPO PROL. - ASSOCIATA A,VIA BARDASSANO 5 - TORINO,45.0671747,7.7119459
7,TOMM8BD011,I.C. ILARIA ALPI - CROCE (PAR. TEMPO PROL. - ASSOCIATA A TOIC8BD00X),CORSO NOVARA 26,45.0870173,7.6917587
7,TOMM87701D,I.C. REGIO PARCO-GIACOSA/VERGA (PAR. TEMPO PROL. - ASSOCIATA A,CORSO REGIO PARCO 19 - TORINO,45.0770736,7.6944924
7,TOIC8BD00X,ISTITUTO COMPRENSIVO - I.C. ALPI/TORINO I - TO,CORSO NOVARA 26 - TORINO,45.0870173,7.6917587
7,TOIC87700C,ISTITUTO COMPRENSIVO - I.C. CORSO REGIO PARCO - TO,CORSO REGIO PARCO 19 - TORINO,45.0770736,7.6944924
7,TOIC87600L,ISTITUTO COMPRENSIVO - I.C. GINO STRADA - TORINO,VIA RICASOLI 30 - TORINO,45.0719601,7.7052082
7,TOIC81800L,ISTITUTO COMPRENSIVO - I.C. GOZZI/OLIVETTI - TO,VIA BARDASSANO 5 - TORINO,45.0671747,7.7119459
7,TOIC87500R,ISTITUTO COMPRENSIVO - I.C. MARCONI-ANTONELLI - TO,VIA ASIGLIANO VERCELLESE 10 - TORINO,45.0759429,7.7247484
7,TOIC8BE00Q,ISTITUTO COMPRENSIVO - I.C. TORINO II - TO,CORSO GIULIO CESARE 26 - TORINO,45.0830438,7.6879677
7,TOMM87501T,MARCONI (ASSOCIATA A TOIC87500R),VIA ASIGLIANO VERCELLESE 10,45.0759429,7.7247484
7,TOMM86401B,"SCUOLA ""A.SPINELLI"" (ASSOCIATA A TOIC86400A)",CORSO TORTONA N 41 - TORINO,45.0751025,7.7048221
8,TOMM8CA014,I.C. BRUNO CACCIA - NIEVO (ASSOCIATA A TOIC8CA003),VIA MENTANA 14 - TORINO,45.0552629,7.6934884
8,TOMM81901D,I.C. MANZONI - MANZONI (ASSOCIATA A TOIC81900C),VIA GIACOSA 25,45.0547569,7.6821921
8,TOIC8CA003,ISTITUTO COMPRENSIVO - I.C. BRUNO CACCIA - TO,VIA MENTANA 14 - TORINO,45.0552629,7.6934884
8,TOIC81900C,ISTITUTO COMPRENSIVO - I.C. MANZONI - TO,"CORSO MARCONI, 28 - TORINO",45.055481,7.6815594
8,TOIC86400A,ISTITUTO COMPRENSIVO - I.C. SPINELLI - TO,"VIA FIGLIE DEI MILITARI, 25 - TORINO",45.0642876,7.7096695
9,TOMM8A202Q,I.C. OSP.INF.REGINA MARGHERITA (ASSOCIATA A TOIC8A200N),PIAZZA POLONIA 94,45.0349293,7.6751718
9,TOMM8A201P,I.C. PEYRON - PEYRON (PAR. TEMPO PROL. - ASSOCIATA A TOIC8A200N),VIA VALENZA 71,45.0245435,7.6677037
9,TOMM881015,I.C. S.PERTINI - VIA TUNISI (ASSOCIATA A TOIC881004),VIA TUNISI 102,45.036966,7.6554561
9,TOMM8A101V,I.C. VITT. DA FELTRE - FERMI (TOT. TEMPO PROL. - ASSOCIATA A TOIC8A100T),VIA BIGLIERI 19,45.0340107,7.6712304
9,TOMM882011,IC V.SIDOLI-V.PALMA DI CESNOLA (ASSOCIATA A TOIC88200X),VIA PALMA DI CESNOLA 29 - TORINO,45.0231629,7.6540324
9,TOIC88200X,ISTITUTO COMPRENSIVO - I.C. CAROLINA PICCHIO,"VIA SIDOLI,10 - TORINO",45.0273988,7.6470131
9,TOIC881004,ISTITUTO COMPRENSIVO - I.C. PERTINI - TO,VIA MONTEVIDEO 11 - TORINO,45.0364284,7.6533962
9,TOIC8A200N,ISTITUTO COMPRENSIVO - I.C. PEYRON - TO,VIA VALENZA 71 - TORINO,45.0245435,7.6677037
9,TOIC8A100T,ISTITUTO COMPRENSIVO - I.C. VITTORINO DA FELTRE - TO,VIA FINALMARINA 5 - TORINO,45.0327427,7.6685338
9,TOMM26100N,TORINO - PIERO CALAMANDREI (PAR. TEMPO PROLUNGATO),"CORSO B. CROCE, 17",,
10,TOCT706007,CENTRO TERRITORIALE PERMANENTE - ISTRUZIONE IN ETA' ADULTA,"STRADA CASTELLO DI MIRAFIORI, 55 - TORINO",45.0119293,7.6301318
10,TOMM866013,I.C. CAIROLI-VIA TORRAZZA P.TE (ASSOCIATA A TOIC866002),VIA TORRAZZA P.TE N. 10 - TORINO,,
10,TOIC866002,ISTITUTO COMPRENSIVO - I.C. CAIROLI - TO,VIA TORRAZZA PIEMONTE 10 - TORINO,45.0165997,7.6559581
10,TOIC82000L,ISTITUTO COMPRENSIVO - I.C. SALVEMINI - TO,VIA NEGARVILLE 30/6 - TORINO,45.0190997,7.6084501
10,TOMM70601E,T. DE MAURO - SEZ. CARCERARIA (SEDE CARCERARIA),VIA BERRUTI E FERRERO 3,45.0288393,7.6444689
24,TOCT707003,CENTRO TERRITORIALE PERMANENTE - ISTRUZIONE IN ETA' ADULTA,VIA OLEVANO 81 - GRUGLIASCO,45.0584276,7.5731974
24,TOMM8CH01V,I.C. COLLEGNO III - GRAMSCI (ASSOCIATA A TOIC8CH00T),VIA G. DI VITTORIO 18 - COLLEGNO,,
24,TOMM85901X,I.C.COLLEGNO B. PARADISO -FRANK (ASSOCIATA A TOIC85900V),"VIA MIGLIETTI, 9 - COLLEGNO",45.0761018,7.5970573
24,TOMM8CG013,IC COLLEGNO MARCONI-DON MINZONI (ASSOCIATA A TOIC8CG002),VIA DONIZETTI 30,45.0760024,7.5699088
24,TOIC85900V,ISTITUTO COMPRENSIVO - I.C. BORGATA PARADISO,"VIA ETTORE MIGLIETTI, 9 - COLLEGNO",45.0761018,7.5970573
24,TOIC8CG002,ISTITUTO COMPRENSIVO - I.C. COLLEGNO G. MARCONI,VIA DONIZETTI 30 - COLLEGNO,45.0760024,7.5699088
24,TOIC8CH00T,ISTITUTO COMPRENSIVO - I.C. COLLEGNO III,VIALE DEI PARTIGIANI 36 - COLLEGNO,45.0914983,7.5715108
24,TOMM86201Q,I.C. GRUGLIASCO - 66 MARTIRI (ASSOCIATA A TOIC86200P),VIA OLEVANO 81 - GRUGLIASCO,45.0584276,7.5731974
24,TOMM81201P,I.C. GRUGLIASCO KING - LEVI (PAR. TEMPO PROL. - ASSOCIATA A,VIALE RADICH 4 - B.TA PARADISO,,
24,TOMM86701V,I.C.GRUGLIASCO DI NANNI-E.UNITA (PAR. TEMPO PROL. - ASSOCIATA A,"VIA COTTA, 18 - GRUGLIASCO",45.0615538,7.5795791
24,TOIC86700T,ISTITUTO COMPRENSIVO - I.C. GRUGLIASCO/DI NANNI,VIA ROMA 11 - GRUGLIASCO,45.0682367,7.5785028
24,TOIC86200P,ISTITUTO COMPRENSIVO - I.C. GRUGLIASCO/66 MARTIRI,"VIA OLEVANO, 81 - GRUGLIASCO",45.0584276,7.5731974
25,TOCT70800V,CENTRO TERRITORIALE PERMANENTE - ISTRUZIONE IN ETA' ADULTA,"VIA ALLENDE, 3 - RIVOLI",45.0757036,7.5449735
25,TOMM33200E,CPIA 5 TORINO,VIA ALLENDE 5,45.075533,7.5455501
25,TOMM8A801N,I.C. RIVOLI - PIERO GOBETTI (PAR. TEMPO PROL. - ASSOCIATA A TOIC8A800L),VIA GATTI 18,45.0540468,7.6961307
25,TOMM87201A,I.C. RIVOLI - PRIMO LEVI (ASSOCIATA A TOIC872009),VIA SESTRIERE N. 60 - RIVOLI,45.0744802,7.5429918
25,TOMM87101E,I.C. RIVOLI MATTEOTTI-MATTEOTTI (ASSOCIATA A TOIC87100D),VIA MONTE BIANCO 23 - BORGO NUOVO,45.0724566,7.5042528
25,TOIC8A800L,ISTITUTO COMPRENSIVO - I.C. RIVOLI/GOBETTI,VIA GATTI 18 - RIVOLI,45.064653,7.5248134
25,TOIC8BL004,ISTITUTO COMPRENSIVO - I.C. RIVOLI/GOZZANO,VIA ALBA 15 - RIVOLI,45.0658512,7.5235124
25,TOIC872009,ISTITUTO COMPRENSIVO - I.C. RIVOLI/LEVI,VIA SESTRIERE 60 - RIVOLI,45.0738446,7.5488239
25,TOIC87100D,ISTITUTO COMPRENSIVO - I.C. RIVOLI/MATTEOTTI,VIA MONTE BIANCO 23 - RIVOLI,45.0724566,7.5042528
25,TOMM8AF023,I.C. BUTTIGLIERA - ROSTA (PAR. TEMPO PROL. - ASSOCIATA A TOIC8AF001),VIA BASTONE 34BIS - ROSTA,45.0680133,7.4668254
25,TOMM8BL015,I.C. RIVOLI GOZZANO-VILLARBASSE (PAR. TEMPO PROL. - ASSOCIATA A,VIA SAN MARTINO 24,45.4675678,7.8787743
26,TOMM89801E,I.C. ALPIGNANO - TALLONE (ASSOCIATA A TOIC89800D),VIA PIANEZZA 31,45.0995475,7.5296729
26,TOIC89800D,ISTITUTO COMPRENSIVO - I.C. ALPIGNANO,VIA PIANEZZA 31 - ALPIGNANO,45.0995475,7.5296729
26,TOMM89001X,I.C. DRUENTO - DON MILANI (ASSOCIATA A TOIC89000V),"VIA MANZONI, 13 - DRUENTO",45.1312655,7.5734718
26,TOIC89000V,ISTITUTO COMPRENSIVO - I.C. DRUENTO,VIA MANZONI 11 - DRUENTO,45.1304284,7.5748369
26,TOMM89701P,I.C. PIANEZZA - GIOVANNI XXIII (ASSOCIATA A TOIC89700N),VIA MANZONI 5 - PIANEZZA,45.1020473,7.5485028
26,TOIC89700N,ISTITUTO COMPRENSIVO - I.C. PIANEZZA,VIA MANZONI 5 - PIANEZZA,45.1020473,7.5485028
26,TOMM8A401A,I.C. VENARIA II - DON MILANI (PAR. TEMPO PROL. - ASSOCIATA A TOIC8A4009),CORSO PAPA GIOVANNI XXIII 54 - VENARIA REALE,45.1259825,7.6351911
26,TOIC8A300D,ISTITUTO COMPRENSIVO - I.C. VENARIA I,PIAZZA VITTORIO VENETO 2 - VENARIA REALE,45.1330116,7.6326072
26,TOIC8A4009,ISTITUTO COMPRENSIVO - I.C. VENARIA II,CORSO PAPA GIOVANNI XXIII 54 - VENARIA REALE,45.1259825,7.6351911
27,TOCT719009,CENTRO TERRITORIALE PERMANENTE - ISTRUZIONE IN ETA' ADULTA,"VIA SAN GIOVANNI BOSCO, 17 - CIRIE'",45.2297103,7.5999804
27,TOMM89101Q,I.C. BORGARO TORINESE - C.LEVI (ASSOCIATA A TOIC89100P),VIA SPAGNA 4,45.1005296,7.5893621
27,TOIC89100P,ISTITUTO COMPRENSIVO - I.C. BORGARO,VIA CIRIE' 52 - BORGARO TORINESE,45.1535409,7.6571785
27,TOMM89201G,I.C. CASELLE TORINESE - DEMONTE (ASSOCIATA A TOIC89200E),PIAZZA RESISTENZA 1,44.8495521,7.3430967
27,TOIC89200E,ISTITUTO COMPRENSIVO - I.C. CASELLE TORINESE,VIA GUIBERT 3 - CASELLE TORINESE,45.1767787,7.6463371
27,TOMM8AK01P,I.C. CIRIE' I - VIA PARCO (PAR. TEMPO PROL. - ASSOCIATA A TOIC8AK00N),"VIA PARCO, 33 - CIRIE'",45.2288685,7.6080605
27,TOIC8AK00N,ISTITUTO COMPRENSIVO - I.C. CIRIE' I,VIA PARCO 33 - CIRIE',45.2288685,7.6080605
27,TOIC8AL00D,ISTITUTO COMPRENSIVO - I.C. CIRIE' II,VIA ROMA 42 - CIRIE',45.2335072,7.6073149
27,TOMM828018,I.C. FIANO - ROSSELLI (PAR. TEMPO PROL. - ASSOCIATA A TOIC828007),VIA CASTELLO 7 - FIANO,45.2194093,7.5185079
27,TOIC828007,ISTITUTO COMPRENSIVO - I.C. FIANO,VIA CASTELLO 7 - FIANO,45.2194093,7.5185079
27,TOMM829025,I.C. BALANGERO-MATHI-VITTONE (PAR. TEMPO PROL. - ASSOCIATA A,VIA CAPITANO GATTI 2,45.2573134,7.5395516
27,TOMM830018,I.C. NOLE - PADRE V. MERLO PICH (PAR. TEMPO PROL. - ASSOCIATA A,VIA MARTIRI LIBERTA' 16,45.0634889,7.7033905
27,TOIC830007,ISTITUTO COMPRENSIVO - I.C. NOLE,VIA MARTIRI DELLA LIBERTA' 16 - NOLE,45.2396528,7.5740312
27,TOMM828029,I.C. FIANO - ROBASSOMERO (ASSOCIATA A TOIC828007),VIA VITTORIO VENETO 2 - ROBASSOMERO,45.1972773,7.5732362
27,TOMM82701C,I.C. CORIO - ROCCA - RONCALLI (PAR. TEMPO PROL. - ASSOCIATA A,VIA MADONNA DELLA NEVE 1 - ROCCA CANAVESE,45.3098184,7.5785915
27,TOMM8AL01E,I.C. CIRIE' II - SAN CARLO (ASSOCIATA A TOIC8AL00D),"STRADA VAUDA CANAVESE, 15",45.2558179,7.6135581
27,TOMM831025,IC S.MAURIZIO-S.FRANCESCO-COSTA (ASSOCIATA A TOIC831003),VIA ROMA 56 - SAN FRANCESCO AL CAMPO,45.2269908,7.6536391
27,TOMM831014,I.C. S. MAURIZIO - A. REMMERT (PAR. TEMPO PROL. - ASSOCIATA A,"VIA L.A. BO, 2 - SAN MAURIZIO CANAVESE",45.2166755,7.6312409
27,TOIC831003,ISTITUTO COMPRENSIVO - I.C. SAN MAURIZIO C.SE,"VIA GENERAL CABRERA,12 - SAN MAURIZIO CANAVESE",45.2115486,7.6282158
27,TOMM860014,I.C. MAPPANO - G. FALCONE (ASSOCIATA A TOIC860003),VIA TIBALDI 70 - MAPPANO,45.1462141,7.7033936
27,TOIC860003,ISTITUTO COMPRENSIVO - I.C. MAPPANO,VIA TIBALDI 70 - MAPPANO,45.1462141,7.7033936
28,TOCT70900P,CENTRO TERRITORIALE PERMANENTE - ISTRUZIONE IN ETA' ADULTA,"VIA ZERBONI, 1 - SETTIMO",45.1396043,7.7735635
28,TOMM86101X,I.C. LEINI' - CASALEGNO (ASSOCIATA A TOIC86100V),VIA MAESTRO BATTISTINO DEPAOLI N?4 - LEINI,,
28,TOIC86100V,ISTITUTO COMPRENSIVO - I.C. LEINI',VIA MAESTRO BATTISTINO DEPAOLI N?4 - LEINI,,
28,TOMM8BG01C,I.C. S.BENIGNO CAN.-C/O SC.ELEM (PAR. TEMPO PROL. - ASSOCIATA A,CORSO ITALIA 34,44.9523078,7.6247972
28,TOIC8BG00B,ISTITUTO COMPRENSIVO - I.C. SAN BENIGNO C.SE,"CORSO ITALIA, 34 - SAN BENIGNO CANAVESE",45.2258381,7.7846149
28,TOMM8A901D,I.C. SETTIMO I - GOBETTI (PAR. TEMPO PROL. - ASSOCIATA A TOIC8A900C),"VIA MILANO, 4",45.1406644,7.7759988
28,TOMM8BB019,I.C. SETTIMO III - A. GRAMSCI (PAR. TEMPO PROL. - ASSOCIATA A,VIA S. ALLENDE 1,,
28,TOMM8BC015,I.C. SETTIMO IV - CALVINO (PAR. TEMPO PROL. - ASSOCIATA A TOIC8BC004),"VIALE PIAVE, 21",45.1328813,7.769322
28,TOIC8A900C,ISTITUTO COMPRENSIVO - I.C. SETTIMO I,VIA BUONARROTI 8,45.0513627,7.6763345
28,TOIC8BA00C,ISTITUTO COMPRENSIVO - I.C. SETTIMO II,VIA CUNEO 1 - SETTIMO TORINESE,45.1312299,7.7606193
28,TOIC8BB008,ISTITUTO COMPRENSIVO - I.C. SETTIMO III,VIA ALLENDE 1 - SETTIMO TORINESE,45.13746,7.757545
28,TOIC8BC004,ISTITUTO COMPRENSIVO - I.C. SETTIMO IV,VIALE PIAVE 20 - SETTIMO TORINESE,45.1328064,7.7681447
28,TOMM8BH018,I.C. VOLPIANO - ALIGHIERI (PAR. TEMPO PROL. - ASSOCIATA A TOIC8BH007),VIA SOTTORIPA 3,45.1999784,7.770501
28,TOIC8BH007,ISTITUTO COMPRENSIVO - I.C. VOLPIANO,VIALE C.A. DALLA CHIESA 1 - VOLPIANO,,
29,TOMM85002E,I.C. CASTIGLIONE - FERMI (ASSOCIATA A TOIC85000C),VIA DON BROVERO 11,45.1205296,7.816787
29,TOIC85000C,ISTITUTO COMPRENSIVO - I.C. CASTIGLIONE TORINESE,"VIA DON BROVERO, 11 - CASTIGLIONE TORINESE",45.1205296,7.816787
29,TOMM851019,I.C. GASSINO TORINESE - SAVIO (ASSOCIATA A TOIC851008),"STRADA BUSSOLINO, 3 - GASSINO TORINESE",45.1297135,7.8285846
29,TOIC851008,ISTITUTO COMPRENSIVO - I.C. GASSINO TORINESE,VIA BORIONE 5 - GASSINO TORINESE,45.1254001,7.8229458
29,TOMM8AW012,I.C. S. MAURO II - DALLA CHIESA (ASSOCIATA A TOIC8AW001),VIA SPERANZA N 40,45.1060211,7.7536924
29,TOMM8AX01T,I.C. SAN MAURO I - S. PELLICO (ASSOCIATA A TOIC8AX00R),VIA XXV APRILE 15,44.9780727,7.3838688
29,TOIC8AX00R,ISTITUTO COMPRENSIVO - I.C. SAN MAURO I,VIA MARTIRI DELLA LIBERTA' N 60 - SAN MAURO T.SE,,
29,TOIC8AW001,ISTITUTO COMPRENSIVO - I.C. SAN MAURO II,VIA SPERANZA N 40 - SAN MAURO TORINESE,45.1060211,7.7536924
29,TOMM85001D,I.C.CASTIGLIONE - S.RAFFAELE C. (ASSOCIATA A TOIC85000C),VIA PIEMONTE 6,45.5625842,7.8077549
30,TOCT71000V,CENTRO TERRITORIALE PERMANENTE - ISTRUZIONE IN ETA' ADULTA,"VIA SANTA CLARA, 8 - CHIERI",45.0105766,7.8223602
30,TOMM8AS01P,I.C. ANDEZENO - COSTA N. (ASSOCIATA A TOIC8AS00N),PIAZZA ITALIA 1,45.1369606,7.0445954
30,TOIC8AS00N,ISTITUTO COMPRENSIVO - I.C. ANDEZENO,PIAZZA ITALIA 1 - ANDEZENO,45.0359808,7.8703694
30,TOMM8AS02Q,I.C. ANDEZENO - BALDISSERO (ASSOCIATA A TOIC8AS00N),"VIA ROMA, 15",45.0701782,7.6845458
30,TOMM85601C,I.C. CAMBIANO - LAGRANGE (PAR. TEMPO PROL. - ASSOCIATA A TOIC85600B),VIA ROMA 12,45.0703663,7.6842744
30,TOIC85600B,ISTITUTO COMPRENSIVO - I.C. CAMBIANO,VIALE ROMA 5 - CAMBIANO,,
30,TOMM8AV016,I.C. CHIERI I - O.LEVI (ASSOCIATA A TOIC8AV005),PIAZZA SILVIO PELLICO 2,45.0100827,7.8219728
30,TOIC8AV005,ISTITUTO COMPRENSIVO - I.C. CHIERI I,PIAZZA PELLICO 6 - CHIERI,45.0096872,7.8222603
30,TOIC8AU009,ISTITUTO COMPRENSIVO - I.C. CHIERI III,VIA BONELLO 2 - CHIERI,44.9985685,7.810296
30,TOMM85603E,I.C. CAMBIANO - PINO T. (ASSOCIATA A TOIC85600B),VIA E. MOLINA 21,,
30,TOIC857007,ISTITUTO COMPRENSIVO - I.C. POIRINO,CORSO FIUME 77 - POIRINO,44.9207665,7.8571999
30,TOMM8AN027,I.C. CARMAGNOLA I - PRALORMO (ASSOCIATA A TOIC8AN005),VIA MORBELLI,44.8628264,7.8970341
30,TOMM8AU01A,I.C. CHIERI III - RIVA (PAR. TEMPO PROL. - ASSOCIATA A TOIC8AU009),VIA S. GIOVANNI 23,44.9863139,7.8760089
30,TOMM858014,I.C. SANTENA-GIOVANNI FALCONE (PAR. TEMPO PROL. - ASSOCIATA A,VIA TETTI AGOSTINO N. 31,44.9496296,7.7820019
30,TOIC858003,ISTITUTO COMPRENSIVO - I.C. SANTENA,"VIA TETTI AGOSTINO, 31 - SANTENA",44.949468,7.7831735
31,TOCT71800D,CENTRO TERRITORIALE PERMANENTE - ISTRUZIONE IN ETA' ADULTA,"CORSO SACCHIRONE, 47 - CARMAGNOLA",44.8488212,7.7160058
31,TOMM8AQ01N,I.C. CARIGNANO - ALFIERI B. (ASSOCIATA A TOIC8AQ00L),VIA ALBERTO TAPPI 44 - CARIGNANO,,
31,TOIC8AQ00L,ISTITUTO COMPRENSIVO - I.C. CARIGNANO,"VIA ALBERTO TAPPI , 44 - CARIGNANO",,
31,TOMM8AN016,I.C. CARMAGNOLA I - PRIMO LEVI (ASSOCIATA A TOIC8AN005),"CORSO SACCHIRONE, 47 - 826",44.8470754,7.7171479
31,TOMM8AP01T,I.C. CARMAGNOLA II-EX CONVITTO (ASSOCIATA A TOIC8AP00R),"VIA MARCONI, 20",45.4921115,7.8609605
31,TOMM8AM01A,I.C. CARMAGNOLA III-V. MARCONI (ASSOCIATA A TOIC8AM009),"VIA MARCONI, 20 - CARMAGNOLA",44.8454616,7.7226715
31,TOIC8AN005,ISTITUTO COMPRENSIVO - I.C. CARMAGNOLA I,"CORSO SACCHIRONE, 47 - CARMAGNOLA",44.8488212,7.7160058
31,TOIC8AP00R,ISTITUTO COMPRENSIVO - I.C. CARMAGNOLA II,"VIA MARCONI, 20 - CARMAGNOLA",44.8454616,7.7226715
31,TOMM8AP02V,I.C. CARMAGNOLA II - PANCALIERI (ASSOCIATA A TOIC8AP00R),VIA CIRCONVALLAZIONE 1/A - PANCALIERI,44.8291811,7.5928032
31,TOMM8AM02B,I.C.CARMAGNOLAIII-VILLASTELLONE (ASSOCIATA A TOIC8AM009),VIA A. GENTILESCHI 1 - VILLASTELLONE,,
32,TOCT71100P,CENTRO TERRITORIALE PERMANENTE - ISTRUZIONE IN ETA' ADULTA,"VIA SAN MATTEO, 14 - MONCALIERI",45.0115889,7.6639331
32,TOMM886018,I.C. LA LOGGIA - L. DA VINCI (ASSOCIATA A TOIC886007),VIA DELLA CHIESA 18,45.2491417,7.6063162
32,TOIC886007,ISTITUTO COMPRENSIVO - I.C. LA LOGGIA,VIA DELLA CHIESA 45 - LA LOGGIA,44.9574677,7.6624822
32,TOMM32500B,CPIA 3 TORINO - T. DE MAURO,VIA PONCHIELLI 18 BIS,45.0138597,7.6628751
32,TOMM88801X,I.C.MONCAL.C.ST.-CANONICA-COSTA (ASSOCIATA A TOIC88800V),VIA REAL COLLEGIO 3 - MONCALIERI,44.9995492,7.682346
32,TOMM887014,I.C.MONCALIERI NASI-FOLLEREAU (ASSOCIATA A TOIC887003),VIA PANNUNZIO 11 - MONCALIERI,44.9948202,7.7015802
32,TOMM88501C,I.C.MONCALIERI S.MARIA-CLOTILDE (ASSOCIATA A TOIC88500B),VIA BERTERO 2 - MONCALIERI,,
32,TOMM88901Q,IC MONCAL.B.S.PIETRO-PIRANDELLO (ASSOCIATA A TOIC88900P),"VIA PONCHIELLI, 22 - BORGO S. PIETRO",45.0110854,7.6640458
32,TOIC88900P,ISTITUTO COMPRENSIVO - I.C. MONCALIERI/BORGO S. PIETRO,VIA PONCHIELLI 22 - B.GO S. PIETRO,,
32,TOIC88800V,ISTITUTO COMPRENSIVO - I.C. MONCALIERI/CENTRO STORICO,VIA S. MARTINO 27 - MONCALIERI,45.0006044,7.6841747
32,TOIC887003,ISTITUTO COMPRENSIVO - I.C. MONCALIERI/NASI,VIA PANNUNZIO 11 - BORGATA NASI - MONCALIERI,,
32,TOIC88500B,ISTITUTO COMPRENSIVO - I.C. MONCALIERI/SANTA MARIA,VIA BERTERO 2 - MONCALIERI,,
32,TOMM83201X,I.C. TROFARELLO - G.LEOPARDI (ASSOCIATA A TOIC83200V),VIA XXIV MAGGIO 48,45.2418619,7.5706124
32,TOIC83200V,ISTITUTO COMPRENSIVO - I.C. TROFARELLO,VIA XXIV MAGGIO 48 - TROFARELLO,44.9809863,7.7424793
33,TOMM83401G,I.C. CANDIOLO - VIA ROMA (ASSOCIATA A TOIC83400E),VIA ROMA - CANDIOLO,44.956676,7.599279
33,TOMM8A5016,I.C. NICHELINO I - MANZONI A. (ASSOCIATA A TOIC8A5005),"VIA MONCENISIO, 24",45.0738997,7.677621
33,TOMM8A6012,I.C. NICHELINO II - PELLICO (PAR. TEMPO PROL. - ASSOCIATA A TOIC8A6001),VIA SANGONE 34,45.0053293,7.6512205
33,TOMM8A701T,I.C. NICHELINO III-MARTIRI RES. (PAR. TEMPO PROL. - ASSOCIATA A,"VIALE KENNEDY, 40",44.888285,7.3442804
33,TOMM8BF01L,IC NICHELINO IV MONTALCINI-MORO (ASSOCIATA A TOIC8BF00G),"PIAZZA A. MORO, 1",,
33,TOIC8A5005,ISTITUTO COMPRENSIVO - I.C. NICHELINO I,"VIA MONCENISIO, 24 - NICHELINO",44.9981749,7.6464369
33,TOIC8A6001,ISTITUTO COMPRENSIVO - I.C. NICHELINO II,VIA SANGONE 34 - MICHELINO,,
33,TOIC8A700R,ISTITUTO COMPRENSIVO - I.C. NICHELINO III,"VIALE KENNEDY, 40",44.888285,7.3442804
33,TOIC8BF00G,ISTITUTO COMPRENSIVO - I.C. NICHELINO IV - MONTALCINI,"PIAZZA ALDO MORO, 1 - NICHELINO",44.9951351,7.6372181
33,TOMM836017,I.C. NONE - GOBETTI A. (PAR. TEMPO PROL. - ASSOCIATA A TOIC836006),VIA BRIGNONE 19,44.9319832,7.5410582
33,TOIC836006,ISTITUTO COMPRENSIVO - I.C. NONE,PIAZZA VIGO 3 - NONE,,
33,TOMM874012,I.C. VINOVO - GIOANETTI/GRAMSCI (PAR. TEMPO PROL. - ASSOCIATA A,VIA DE AMICIS 13,45.1962957,7.8944642
33,TOIC874001,ISTITUTO COMPRENSIVO - I.C. VINOVO,VIA DE AMICIS 5 - VINOVO,44.9498364,7.6303551
34,TOCT71200E,CENTRO TERRITORIALE PERMANENTE - ISTRUZIONE IN ETA' ADULTA,VIA RIVALTA - PIOSSASCO,45.0013331,7.4828471
34,TOMM89601V,I.C. BEINASCO - GOBETTI (ASSOCIATA A TOIC89600T),VIA MIRAFIORI 25 - BEINASCO,45.021305,7.5902081
34,TOMM895013,IC BORGARETTO-BEINASCO-VIVALDI (ASSOCIATA A TOIC895002),VIA TRENTO 24 - BORGARETTO,45.0043259,7.6040926
34,TOIC895002,ISTITUTO COMPRENSIVO - I.C. BEINASCO/BORGARETTO,VIA TRENTO 24 - BORGARETTO,45.0043259,7.6040926
34,TOIC89600T,ISTITUTO COMPRENSIVO - I.C. BEINASCO/GRAMSCI,VIA MIRAFIORI 25 - BEINASCO,45.021305,7.5902081
34,TOIC837002,ISTITUTO COMPRENSIVO - I.C. BRUINO,PIAZZA DONATORI DI SANGUE 1 - BRUINO,45.0208546,7.4716477
34,TOMM8AH01N,I.C. ORBASSANO I - VIA DI NANNI (ASSOCIATA A TOIC8AH00L),VIA DI NANNI,45.01016,7.5446091
34,TOMM8AJ01V,I.C. ORBASSANO II - L. DA VINCI (ASSOCIATA A TOIC8AJ00T),VIA CERVETTI N. 7 - ORBASSANO,45.0054044,7.5328239
34,TOIC8AH00L,ISTITUTO COMPRENSIVO - I.C. ORBASSANO I,PIAZZA DE AMICIS 12 - ORBASSANO,45.0080578,7.5418344
34,TOIC8AJ00T,ISTITUTO COMPRENSIVO - I.C. ORBASSANO II,VIA FREJUS 67 - ORBASSANO,45.0064914,7.5332036
34,TOMM8AE016,I.C. PIOSSASCO I - VIA VOLVERA (ASSOCIATA A TOIC8AE005),"VIA VOLVERA , 16 - PIOSSASCO",44.987142,7.4678643
34,TOMM8AD01A,I.C. PIOSSASCO II - PARRI (ASSOCIATA A TOIC8AD009),"VIA CUMIANA, 2",45.0665577,7.6436741
34,TOIC8AE005,ISTITUTO COMPRENSIVO - I.C. PIOSSASCO I,"VIA VOLVERA, 14 - PIOSSASCO",44.9653177,7.4937384
34,TOIC8AD009,ISTITUTO COMPRENSIVO - I.C. PIOSSASCO II BERTRAND,"VIA CUMIANA,2 - PIOSSASCO",44.993606,7.4720087
34,TOMM84101P,I.C. RIVALTA - DON MILANI (PAR. TEMPO PROL. - ASSOCIATA A TOIC84100N),VIA BALEGNO 10 - RIVALTA DI TORINO,45.0310014,7.5260903
34,TOIC84100N,ISTITUTO COMPRENSIVO - I.C. RIVALTA,VIA PIOSSASCO 57 - - RIVALTA DI TORINO,45.0265564,7.5165998
34,TOIC84000T,ISTITUTO COMPRENSIVO - I.C. RIVALTA/TETTI FRANCESI,VIA FOSSANO 7 - RIVALTA DI TORINO,44.9975717,7.5136978
34,TOMM83801V,I.C. VOLVERA - CAMPANA (ASSOCIATA A TOIC83800T),VIA GARIBALDI 1 011,45.0715625,7.6840877
34,TOIC83800T,ISTITUTO COMPRENSIVO - I.C. VOLVERA,"VIA GARIBALDI, 1 - VOLVERA",44.9529792,7.5064462
35,TOCT71200E,CENTRO TERRITORIALE PERMANENTE - ISTRUZIONE IN ETA' ADULTA,VIA RIVALTA - PIOSSASCO,45.0013331,7.4828471
35,TOMM86801P,I.C. COAZZE - GIULIO NICOLETTA (ASSOCIATA A TOIC86800N),VIA XXV APRILE N. 4 - COAZZE,,
35,TOMM87001P,I.C. GIAVENO - F. GONIN (PAR. TEMPO PROL. - ASSOCIATA A TOIC87000N),VIA DON POGOLOTTO 45,45.0405607,7.3506192
35,TOIC86800N,ISTITUTO COMPRENSIVO - I.C. COAZZE,VIA SAN SEBASTIANO N. 3 - GIAVENO,45.0432505,7.3574698
35,TOIC87000N,ISTITUTO COMPRENSIVO - I.C. GIAVENO/GONIN,VIA DON POGOLOTTO 45 - GIAVENO-,45.0405607,7.3506192
35,TOMM86901E,I.C. TRANA - SANGANO (ASSOCIATA A TOIC86900D),VIA BERT 19,44.8201862,7.2140759
35,TOMM86902G,I.C. TRANA (ASSOCIATA A TOIC86900D),VIA ALIGHIERI 3/B,45.0753157,7.5716526
35,TOIC86900D,ISTITUTO COMPRENSIVO - I.C. TRANA,VIA ALIGHIERI 3/A - TRANA,45.0379339,7.4222313
36,TOCT70800V,CENTRO TERRITORIALE PERMANENTE - ISTRUZIONE IN ETA' ADULTA,"VIA ALLENDE, 3 - RIVOLI",45.0757036,7.5449735
36,TOMM82101D,I.C. ALMESE - RIVA ROCCI (PAR. TEMPO PROL. - ASSOCIATA A TOIC82100C),"PIAZZA DELLA FIERA, 3/2 - ALMESE",45.1173166,7.3959134
36,TOIC82100C,ISTITUTO COMPRENSIVO - I.C. ALMESE,PIAZZA DELLA FIERA 3/2 - ALMESE,45.1173166,7.3959134
36,TOMM8AG01T,I.C. AVIGLIANA - D. FERRARI (ASSOCIATA A TOIC8AG00R),VIA CAVALIERI VITTORIO VENETO N. 3,45.0082423,7.8133068
36,TOIC8AG00R,ISTITUTO COMPRENSIVO - I.C. AVIGLIANA,VIA CAVALIERI DI VITTORIO VENETO 3 - AVIGLIANA,45.0802489,7.4010243
36,TOMM180028,BARDONECCHIA - P.ZZA DE GASPERI (TOT. TEMPO PROL. - ASSOCIATA A,PIAZZA A. DE GASPERI 3,,
36,TOMM824022,IC S.ANTONINO SUSA - BORGONE (ASSOCIATA A TOIC82400X),"VIA TARRO BOIRO, 1 - BORGONE DI SUSA",45.120947,7.2379771
36,TOMM89901A,I.C. BUSSOLENO - FERMI E. (ASSOCIATA A TOIC899009),"VIA DON CARLO PRINETTO, 2",45.1365091,7.1440376
36,TOIC899009,ISTITUTO COMPRENSIVO - I.C. BUSSOLENO,"VIA DON CARLO PRINETTO, 2 - BUSSOLENO",45.1365091,7.1440376
36,TOMM8AF012,I.C. BUTTIGLIERA ALTA-JACQUERIO (PAR. TEMPO PROL. - ASSOCIATA A,VIA DEI COMUNI 3 - FERRIERA,45.0829807,7.4356943
36,TOIC8AF001,ISTITUTO COMPRENSIVO - I.C. BUTTIGLIERA ALTA,"PIAZZA DEL POPOLO,8 - BUTTIGLIERA ALTA",45.068802,7.4343666
36,TOMM822019,I.C.CASELETTE - STRADA CONTESSA (ASSOCIATA A TOIC822008),"STRADA CONTESSA, 88",45.1081401,7.4860707
36,TOIC822008,ISTITUTO COMPRENSIVO - I.C. CASELETTE,STRADA CONTESSA 90 - CASELETTE,45.1077067,7.4896406
36,TOMM82501R,I.C. CONDOVE - G.F. RE (PAR. TEMPO PROL. - ASSOCIATA A TOIC82500Q),VIA DE AMICIS 1,45.1962957,7.8944642
36,TOIC82500Q,ISTITUTO COMPRENSIVO - I.C. CONDOVE E SANT'AMBROGIO,"VIA DE AMICIS, 1 - CONDOVE",45.1134503,7.3088623
36,TOMM180006,OULX - DES AMBROIS (TOT. TEMPO PROLUNGATO),PIAZZA GARAMBOIS 4,45.1793446,7.6473211
36,TOMM82502T,I.C. CONDOVE -SANT'AMBROGIO (PAR. TEMPO PROL. - ASSOCIATA A,VIA I MAGGIO 13,45.1017851,7.2888586
36,TOMM824011,IC S.ANTONINO SUSA - CENTOPASSI (PAR. TEMPO PROL. - ASSOCIATA A,"VIA AUGUSTO ABEGG, 19 - SANT'ANTONINO DI SUSA",45.1110476,7.2686813
36,TOIC82400X,ISTITUTO COMPRENSIVO - I.C. SANT'ANTONINO DI SUSA,"VIA AUGUSTO ABEGG, 19 - SANT'ANTONINO DI SUSA (TO)",45.1110476,7.2686813
36,TOMM180017,SESTRIERE - VIA FRAITEVE (TOT. TEMPO PROL. - ASSOCIATA A TOMM180006),VIA FRAITEVE 1,44.9575765,6.8786255
36,TOMM880019,I.C. SUSA - GIULIANO (ASSOCIATA A TOIC880008),PIAZZA SAVOIA 21,45.1378813,7.0434674
36,TOIC880008,ISTITUTO COMPRENSIVO - I.C. SUSA,PIAZZA SAVOIA 21 - SUSA,45.1378813,7.0434674
37,TOCT722005,CENTRO TERRITORIALE PERMANENTE - ISTRUZIONE IN ETA' ADULTA,"VIA TENENTE BORLA, 1 - MATHI",45.2574803,7.5413646
37,TOIC829003,ISTITUTO COMPRENSIVO - I.C. BALANGERO,PIAZZA X MARTIRI 3 - BALANGERO,,
37,TOMM829014,I.C.BALANGERO-CAFASSE-BROFFERIO (ASSOCIATA A TOIC829003),VIA DR.MILONE 8,,
37,TOMM80901V,I.C. CERES - MURIALDO (TOT. TEMPO PROL. - ASSOCIATA A TOIC80900T),VIA N. COSTA 3,,
37,TOIC80900T,ISTITUTO COMPRENSIVO - I.C. CERES,VIA N. COSTA 3 - CERES,,
37,TOMM82702D,I.C. CORIO - BENITO ATZEI (TOT. TEMPO PROL. - ASSOCIATA A TOIC82700B),STRADA PONTE PICCA 2 - CORIO,45.3164873,7.5446521
37,TOIC82700B,ISTITUTO COMPRENSIVO - I.C. CORIO,STRADA PONTE PICCA 2 - CORIO,45.3164873,7.5446521
37,TOMM82601L,I.C. LANZO T.SE - CENA (ASSOCIATA A TOIC82600G),VIA VITTORIO VENETO 2 - LANZO TORINESE,45.2756562,7.474276
37,TOIC82600G,ISTITUTO COMPRENSIVO - I.C. LANZO TORINESE,VIA VITTORIO VENETO 2 - LANZO TORINESE,45.2756562,7.474276
37,TOMM80902X,I.C. CERES - VIU' - L. CIBRARIO (ASSOCIATA A TOIC80900T),VIALE RIMEMBRANZA 4,44.8085912,7.1589646
38,TOCT71700N,CENTRO TERRITORIALE PERMANENTE - ISTRUZIONE IN ETA' ADULTA,"CORSO INDIPENDENZA, 68 - RIVAROLO",45.3361661,7.7214042
38,TOMM8AC02G,I.C. RIVAROLO - BOSCONERO (ASSOCIATA A TOIC8AC00D),VIA VILLAFRANCA,45.1055371,7.7553775
38,TOMM8CC01Q,I.C. CUORGNE' - CENA (ASSOCIATA A TOIC8CC00P),VIA XXIV MAGGIO 21,45.2428635,7.5723224
38,TOIC8CC00P,ISTITUTO COMPRENSIVO - I.C. CUORGNE',VIA XXIV MAGGIO 3 - CUORGNE',45.3863835,7.6447463
38,TOMM865017,I.C. FAVRIA - VIDARI (PAR. TEMPO PROL. - ASSOCIATA A TOIC865006),PIAZZA REPUBBLICA 6,45.0702034,7.5405632
38,TOIC865006,ISTITUTO COMPRENSIVO - I.C. FAVRIA,PIAZZA REPUBBLICA 6 - FAVRIA,,
38,TOMM84801D,I.C. FORNO CANAVESE - S.PERTINI (PAR. TEMPO PROL. - ASSOCIATA A,VIA ALDO MORO 9,45.1271592,7.5787988
38,TOIC84800C,ISTITUTO COMPRENSIVO - I.C. FORNO CANAVESE,VIA ALDO MORO 9 - FORNO CANAVESE,45.3457464,7.5926716
38,TOMM81401A,I.C. PONT CANAVESE - LOCANA (ASSOCIATA A TOIC814009),VIA TORINO N. 31,45.0217323,7.5851437
38,TOMM81402B,I.C. PONT CANAVESE - MARTINETTI (ASSOCIATA A TOIC814009),VIA ROMA N. 11/B,,
38,TOIC814009,ISTITUTO COMPRENSIVO - I.C. PONT CANAVESE,VIA G. MARCONI 23BIS - PONT CANAVESE,,
38,TOMM8AC01E,I.C. RIVAROLO - GOZZANO (PAR. TEMPO PROL. - ASSOCIATA A TOIC8AC00D),VIA LE MAIRE 20,45.3302486,7.7182485
38,TOIC8AC00D,ISTITUTO COMPRENSIVO - I.C. RIVAROLO C.SE,VIA LE MAIRE 20 - RIVAROLO CANAVESE,45.3266168,7.7191678
39,TOCT71300A,CENTRO TERRITORIALE PERMANENTE - ISTRUZIONE IN ETA' ADULTA,"VIA BLATTA, 26/C - CHIVASSO",45.1963776,7.8835158
39,TOMM853011,I.C. BRANDIZZO - RODARI (PAR. TEMPO PROL. - ASSOCIATA A TOIC85300X),VIA ALBA 10,45.1770358,7.8465232
39,TOIC85300X,ISTITUTO COMPRENSIVO - I.C. BRANDIZZO,VIA ALBA 10 - BRANDIZZO,45.1770358,7.8465232
39,TOMM86301G,I.C. BRUSASCO - FERMI (ASSOCIATA A TOIC86300E),VIA DELLE SCUOLE N. 2 - BRUSASCO,45.1571855,8.0597625
39,TOIC86300E,ISTITUTO COMPRENSIVO - I.C. BRUSASCO,VIA DELLE SCUOLE N. 2 - BRUSASCO (TO),45.1571855,8.0597625
39,TOMM86302L,I.C. BRUSASCO - CASALBORGONE (ASSOCIATA A TOIC86300E),VIA GAIATO N. 6A,45.1295112,7.9446833
39,TOMM326007,CPIA 4 TORINO - A. OLIVETTI,VIA BLATTA 26/C,45.1963776,7.8835158
39,TOMM8BK019,I.C. CHIVASSO COSOLA-V.MARCONI (ASSOCIATA A TOIC8BK008),"VIA MARCONI, 9",45.0150514,7.8260576
39,TOMM8BQ018,I.C. CHIVASSO DASSO-VIA BLATTA (PAR. TEMPO PROL. - ASSOCIATA A,"VIA BLATTA, 26/C",45.1963776,7.8835158
39,TOIC8BK008,ISTITUTO COMPRENSIVO - I.C. CHIVASSO/COSOLA,VIA MARCONI 2 - CHIVASSO,45.1865665,7.8882081
39,TOIC8BQ007,ISTITUTO COMPRENSIVO - I.C. CHIVASSO/DASSO,VIA BLATTA 26 - CHIVASSO,45.1960836,7.887115
39,TOMM852026,I.C. MONTANARO - FOGLIZZO (ASSOCIATA A TOIC852004),VIA OLIVERO 21,45.2731348,7.821256
39,TOMM852015,I.C. MONTANARO - G. CENA (ASSOCIATA A TOIC852004),VIA TRIESTE 2,44.885715,7.3323626
39,TOIC852004,ISTITUTO COMPRENSIVO - I.C. MONTANARO,VIA TRIESTE 2,44.885715,7.3323626
39,TOMM85402T,I.C. VEROLENGO - RONDISSONE (ASSOCIATA A TOIC85400Q),VIA CESARE BATTISTI 1,45.0698455,7.6845774
39,TOMM85403V,I.C. VEROLENGO - TORRAZZA P.TE (ASSOCIATA A TOIC85400Q),PIAZZA DEL COMUNE 1,,
39,TOMM85401R,I.C. VEROLENGO - DON G. CASA (ASSOCIATA A TOIC85400Q),"PIAZZA SANDRO PERTINI, 1",45.2699303,7.5182593
39,TOIC85400Q,ISTITUTO COMPRENSIVO - I.C. VEROLENGO,"PIAZZA SANDRO PERTINI, 1 - VEROLENGO",,
40,TOCT715002,CENTRO TERRITORIALE PERMANENTE - ISTRUZIONE IN ETA' ADULTA,VIA DORA BALTEA 1 - IVREA,45.463302,7.8746272
40,TOMM8BS02A,IC CASTELLAMONTE-AGLIE-OLIVETTI (ASSOCIATA A TOIC8BS008),PIAZZA MARTIRI LIBERTA' 1,45.0699926,7.5199762
40,TOIC894006,ISTITUTO COMPRENSIVO - I.C. AZEGLIO,VIA XX SETTEMBRE 33 - AZEGLIO,45.4248415,7.9914249
40,TOMM8AR02E,I.C. PAVONE - BANCHETTE PERTINI (PAR. TEMPO PROL. - ASSOCIATA A,"VIA TORRETTA, 9",44.9898088,7.7397571
40,TOMM84902A,I.C.SETTIMO VITTONE-BORGOFRANCO (PAR. TEMPO PROL. - ASSOCIATA A,VIA S. MARCO 8 - BORGOFRANCO D'IVREA,45.5141858,7.8568197
40,TOMM894017,I.C. AZEGLIO - BUROLO-FERMI E. (ASSOCIATA A TOIC894006),VIA CASCINETTE 8 - BUROLO,45.4795904,7.9219731
40,TOMM8BS019,I.C. CASTELLAMONTE - CRESTO (ASSOCIATA A TOIC8BS008),"VIA TRABUCCO, 15",45.3792828,7.7096761
40,TOIC8BS008,ISTITUTO COMPRENSIVO - I.C. CASTELLAMONTE,VIA TRABUCCO 15 - CASTELLAMONTE,45.3792828,7.7096761
40,TOMM715019,CASA CIRCONDARIALE DI IVREA (SEDE CARCERARIA),CORSO VERCELLI 165,45.0999382,7.6933016
40,TOMM8AA01V,I.C. IVREA I - ARDUINO (PAR. TEMPO PROL. - ASSOCIATA A TOIC8AA00T),"VIA SAN NAZARIO, 26 - IVREA",45.4701408,7.8820547
40,TOMM8AB01P,I.C. IVREA II - G. FALCONE (PAR. TEMPO PROL. - ASSOCIATA A TOIC8AB00N),"VIALE LIBERAZIONE, 14",45.4478776,7.8735581
40,TOIC8AB00N,ISTITUTO COMPRENSIVO - I.C. IVREA II,"VIALE DELLA LIBERAZIONE, 14 - IVREA",45.4478776,7.8735581
40,TOMM8AR03G,I.C. PAVONE - LESSOLO C. ALLERA (PAR. TEMPO PROL. - ASSOCIATA A,VIA CAFFARO ALLERA,45.4714299,7.8127238
40,TOMM8AB02Q,I.C. IVREA II - MONTALTO DORA (PAR. TEMPO PROL. - ASSOCIATA A,VIA E. DE FILIPPO,,
40,TOMM8AR01D,I.C. PAVONE - VIA VIGNALE (PAR. TEMPO PROL. - ASSOCIATA A,VIA VIGNALE 14 - PAVONE CANAVESE,45.4341544,7.8542159
40,TOIC8AR00C,ISTITUTO COMPRENSIVO - I.C. PAVONE CANAVESE,VIA VIGNALE 2 - PAVONE CANAVESE,45.4338942,7.8509911
40,TOMM894039,I.C. AZEGLIO - PIVERONE-GODONE (TOT. TEMPO PROL. - ASSOCIATA A,PIAZZA LUCCA - PIVERONE,45.4485783,8.0061642
40,TOMM849019,I.C. SETTIMO VITTONE - PALMA (TOT. TEMPO PROL. - ASSOCIATA A,STRADA PROVINCIALE 14 - SETTIMO VITTONE,,
40,TOIC849008,ISTITUTO COMPRENSIVO - I.C. SETTIMO VITTONE,STRADA PROVINCIALE 14 - SETTIMO VITTONE,,
40,TOMM894028,I.C. AZEGLIO-VESTIGNE'-TORAZZI (TOT. TEMPO PROL. - ASSOCIATA A,VIA TORRAZZI 1 - VESTIGNE',,
40,TOIC80600A,ISTITUTO COMPRENSIVO - I.C. VISTRORIO,"VIA GARIBALDI, 28/1 - VISTRORIO",45.4417284,7.7698013
41,TOMM8BU011,I.C. CALUSO - GOZZANO (TOT. TEMPO PROL. - ASSOCIATA A TOIC8BU00X),VIA UNITA' D'ITALIA 7,45.040375,7.6000262
41,TOIC8BU00X,ISTITUTO COMPRENSIVO - I.C. CALUSO,VIA UNITA' D'ITALIA 7 - CALUSO,45.3070626,7.882617
41,TOMM8BT015,I.C. SAN GIORGIO - BOTTA (TOT. TEMPO PROL. - ASSOCIATA A TOIC8BT004),VIA GIULIO 28,45.0341041,7.6696778
41,TOMM8BT026,I.C. SAN GIORGIO - SAN GIUSTO (TOT. TEMPO PROL. - ASSOCIATA A,"VIA IV NOVEMBRE, 2",44.9765003,7.3807261
41,TOMM89301B,I.C. STRAMBINO - PANETTI (ASSOCIATA A TOIC89300A),PIAZZA ALDO MORO 2 - STRAMBINO,45.3820344,7.8809101
41,TOIC89300A,ISTITUTO COMPRENSIVO - I.C. STRAMBINO,VIA MODESTO PANETTI 18 - STRAMBINO,45.3802975,7.8820986
42,TOMM807028,I.C. PEROSA ARG.NA-FENESTRELLE (ASSOCIATA A TOIC807006),VIA ROMA 17 - FENESTRELLE,45.0359092,7.0469978
42,TOMM807017,I.C. PEROSA ARGENTINA -GOUTHIER (PAR. TEMPO PROL. - ASSOCIATA A,"PIAZZA EUROPA,1 - PEROSA ARGENTINA",44.9581458,7.1922714
42,TOIC807006,ISTITUTO COMPRENSIVO - I.C. PEROSA ARGENTINA,"PIAZZA EUROPA, 1 - PEROSA ARGENTINA",44.9581458,7.1922714
42,TOMM807039,I.C. PEROSA ARG.NA - PERRERO (ASSOCIATA A TOIC807006),VIA BORGO 9 - PERRERO,,
42,TOMM80401Q,I.C. VILLAR PEROSA - MARRO (PAR. TEMPO PROL. - ASSOCIATA A,VIA IV NOVEMBRE 4,45.239116,7.5694929
42,TOIC80400P,ISTITUTO COMPRENSIVO - I.C. VILLAR PEROSA,VIA IV NOVEMBRE 2 - VILLAR PEROSA,44.92097,7.2484527
43,TOMM84202G,I.C. BRICHERASIO - BIBIANA (ASSOCIATA A TOIC84200D),"VIA OSPEDALE, 10 - BIBIANA",44.7970489,7.2902745
43,TOMM84201E,I.C. BRICHERASIO - CAFFARO (PAR. TEMPO PROL. - ASSOCIATA A,"VIA CESARE BOLLEA, 3 - BRICHERASIO",44.8236359,7.3038993
43,TOIC84200D,ISTITUTO COMPRENSIVO - I.C. BRICHERASIO,"VIA BOLLEA, 3 - BRICHERASIO",44.8236359,7.3038993
43,TOMM84301A,I.C. LUSERNA S.G. - DE AMICIS (PAR. TEMPO PROL. - ASSOCIATA A,"VIA MARCONI, 1",45.0144874,7.8241818
43,TOIC843009,ISTITUTO COMPRENSIVO - I.C. LUSERNA S. GIOVANNI,VIA TEGAS 2 - LUSERNA S.GIOVANNI,44.814972,7.2487475
43,TOMM81301E,I.C. TORRE PELLICE - RODARI (ASSOCIATA A TOIC81300D),"VIALE RIMEMBRANZA, 13 - TORRE PELLICE",44.8221762,7.2215958
44,TOCT72000D,CENTRO TERRITORIALE PERMANENTE - ISTRUZIONE IN ETA' ADULTA,"VIA CONVENTO DI SAN FRANCESCO, 2 - PINEROLO",,
44,TOMM83501B,I.C. AIRASCA - VIA STAZIONE (PAR. TEMPO PROL. - ASSOCIATA A TOIC83500A),VIA STAZIONE 37 - AIRASCA,44.9238999,7.4842922
44,TOIC83500A,ISTITUTO COMPRENSIVO - I.C. AIRASCA,VIA STAZIONE 37 - AIRASCA,44.9238999,7.4842922
44,TOMM8BN01R,I.C. PINEROLO IV - BURIASCO (TOT. TEMPO PROL. - ASSOCIATA A,"VIA 4 NOVEMBRE, 31 - 749",45.4722644,7.9309341
44,TOMM845012,I.C. CAVOUR - GIOLITTI (PAR. TEMPO PROL. - ASSOCIATA A TOIC845001),PIAZZA S. MARTINO 2,45.2362754,7.6005182
44,TOIC845001,ISTITUTO COMPRENSIVO - I.C. CAVOUR,"PIAZZA S.MARTINO, 2 - CAVOUR",,
44,TOMM84601T,I.C. PINEROLO V - CUMIANA (PAR. TEMPO PROL. - ASSOCIATA A TOIC84600R),"VIA MICHELANGELO FERRERO,11",44.9810009,7.374125
44,TOIC84600R,ISTITUTO COMPRENSIVO - I.C. PINEROLO V-CUMIANA,VIA MICHELANGELO FERRERO 11 - CUMIANA,44.9810009,7.374125
44,TOMM84602V,I.C. PINEROLO V - PIERO ANGELA (PAR. TEMPO PROL. - ASSOCIATA A,VIA DON ASVISIO 6 - FROSSASCO,44.9339034,7.3568233
44,TOMM8BM011,I.C. PINEROLO I - BRIGNONE (PAR. TEMPO PROL. - ASSOCIATA A,VIA EINAUDI 38,44.9978599,7.6880512
44,TOMM8BJ02E,I.C. PINEROLO II-ABBADIA ALPINA (PAR. TEMPO PROL. - ASSOCIATA A,VIA BATTITORE 6 - FRAZ. ABBADIA ALPINA,,
44,TOMM8BP01C,I.C. PINEROLO III - LIDIA POET (PAR. TEMPO PROL. - ASSOCIATA A,VIA DE' ROCHIS 29,,
44,TOMM8BN02T,I.C. PINEROLO IV-V.GIOV. XXIII (PAR. TEMPO PROL. - ASSOCIATA A,VIA GIOVANNI XXIII 19 - PINEROLO,44.893534,7.3406254
44,TOIC8BM00X,ISTITUTO COMPRENSIVO - I.C. PINEROLO I,"VIA EINAUDI, 38 - PINEROLO",44.8749862,7.3054863
44,TOIC8BJ00C,ISTITUTO COMPRENSIVO - I.C. PINEROLO II,VIA BATTITORE ANG. VIA GIUSTETTO - PINEROLO - ABBADIA ALPINA,,
44,TOIC8BP00B,ISTITUTO COMPRENSIVO - I.C. PINEROLO III,VIALE KENNEDY 24 - PINEROLO,44.8883891,7.3446043
44,TOIC8BN00Q,ISTITUTO COMPRENSIVO - I.C. PINEROLO IV,VIA GIOVANNI XXIII 19 - PINEROLO,44.893534,7.3406254
44,TOMM8BP02D,I.C. PINEROLO III -PISCINA (PAR. TEMPO PROL. - ASSOCIATA A TOIC8BP00B),VIALE CALVETTI 5,,
44,TOMM8BJ01D,I.C. PINEROLO II - SAN SECONDO (PAR. TEMPO PROL. - ASSOCIATA A,VIA DELLA REPUBBLICA 1,44.8677553,7.3016992
44,TOMM83502C,I.C. AIRASCA - SCALENGHE (PAR. TEMPO PROL. - ASSOCIATA A TOIC83500A),VIA S.MARIA 40 - FRAZ. PIEVE DI SCALENGHE,,
44,TOMM84701N,I.C. VIGONE - LOCATELLI (PAR. TEMPO PROL. - ASSOCIATA A TOIC84700L),VIA DON MILANI 2 - VIGONE,44.8424793,7.4886016
44,TOIC84700L,ISTITUTO COMPRENSIVO - I.C. VIGONE,"VIA DON MILANI, 2 - VIGONE",44.8424793,7.4886016
44,TOMM845023,I.C.CAVOUR-VILLAFRANCA GASTALDI (TOT. TEMPO PROL. - ASSOCIATA A,VIA CAMPRA 1,44.7821377,7.4966959
